PIDN,Ca,P,pH,SOC,Sand
09gt9UK5,-0.5502101302,-0.2136105691,-0.9167110268,-0.6858038438,0.742354276
0BVvxJ6a,0.4026919199,0.1362334952,0.7297493425,-0.0660738716,-1.235546425
0KbdgApg,-0.1825831545,-0.1439165689,-0.0700801404,0.1051975911,-0.7773895584
0MnuuduB,-0.2204598439,-0.4443018572,-0.1696535495,0.4106452896,-0.899331174
0PcIsF9z,-0.4748279962,-0.2767372221,-1.6375528449,-0.0012720049,-0.1275142714
0ShTFLYJ,-0.4727949038,-0.4387426394,-0.5179305521,-0.8035119345,0.5430856487
0XZh9jka,-0.4965873876,-0.7759352119,-1.0155072657,0.6325906923,-0.8706996249
0Y7Wegri,-0.2334815947,0.9808175288,0.5671067985,-0.1098815052,0.317563909
0dTqplIM,0.0563153626,0.2194678261,0.5810451235,0.2065238923,-1.0772886983
0lNiZicC,-0.5037712677,-0.204330844,-1.1985700743,-0.7281282021,0.1250878856
0rGeJ0QN,-0.404119448,0.115441059,-0.4797649653,0.2851877258,-0.1357703066
0sXI9ytQ,-0.531738497,-0.3340175248,-0.4413602677,-0.8141130171,1.7377992875
0ukt4aP6,0.3619030395,0.2603809988,1.0972415862,-0.6092985732,-0.1161788165
1AGspb8f,-0.4374771936,-0.352873536,-1.1427510146,0.0305139345,-1.1011041852
1Csy0gvE,-0.4376038714,-0.1220800512,-0.0491810852,-0.6350410735,0.5988812433
1Ic2hly1,-0.3386588572,0.2789082691,-0.1240881436,-0.0756755937,0.2711036102
1PPbaTwt,-0.4058203474,0.1279882944,-0.4852247889,-0.645131217,0.3010992027
1SO5VJNy,-0.3572954737,-0.0445368381,0.0121323296,-0.5001806841,0.7524930346
1arHxK3Y,0.9165289511,0.3420810572,1.5222414883,0.1465862239,-0.4735034172
1fCW4Bba,-0.4060751047,0.4032283328,0.1994669365,-0.4990922919,0.5385494847
1qDZNvIm,-0.4877230543,-0.2080104866,-0.2282681324,-0.7180543214,1.3373555713
28LYJC2V,-0.3963047874,-0.1567078717,-0.9483803909,0.6059696369,-0.5801593237
2CzACvQq,0.4043724274,0.7321056339,1.4624568403,-0.4704030561,-0.1949107629
2FT3crfv,-0.2845000199,-0.2868031715,0.1326258224,0.2026211385,-0.8952519682
2Fy2uHVg,-0.448997842,-0.0962829177,-0.6362174997,-0.5696057733,-0.2498186555
2MkMEApm,-0.3983655857,0.4719662594,0.3809636106,-0.6225519914,0.959426842
2NDGWEOe,0.5908673433,0.1573253939,1.7517617851,-0.6431414038,-0.3016509169
2NyyCiqn,-0.3644320017,0.091243956,-0.0116756782,-0.4664894578,0.7879107423
2QRzIb84,0.1995899291,0.9866792458,1.5169141666,-0.4663136188,0.2769309375
2QcbdrUZ,-0.4641434242,-0.5018513646,-0.1587226691,-0.5322862266,0.8061944766
2YgAimWK,-0.3464584319,0.1501257032,0.41029105,-0.5263447517,0.6320243351
2cx85d9H,-0.0264857774,-0.2691142994,-0.1708466435,0.1439779368,-0.9950682805
2homMXMV,-0.4748823218,0.0924872591,-1.3019218381,0.059317555,0.4991204578
2ldLrUtq,-0.4535258572,-0.2606481277,-0.3786851733,-0.5254999764,-0.56755905
2nsACW6G,-0.493827183,-0.6026132646,-1.121986529,1.4240573266,-1.5594526862
2yMbVnWc,-0.4351506607,0.2426317329,-1.1842459419,2.1220521067,0.382473927
36r8sgGQ,-0.4076189965,-0.2214970606,-0.2324246829,-0.7109160337,0.7796484261
3NXAXCl3,-0.4568695682,-0.6420411148,-1.040763238,0.2532082769,-0.9704711426
3QG0z6fl,-0.4966176906,-0.0833779892,-1.0132210207,-0.6331938836,0.3125907773
3WS8R9qm,-0.4639682829,-0.7089430994,-0.8441515158,2.1369801503,-1.2089696022
3fRLm8f5,-0.3654747543,-0.2320619154,-1.0003797277,-0.0475142973,0.2958124891
3mZhp1nQ,-0.4774967567,-0.4221284527,-0.4006522154,-0.6072657734,0.833454531
3pikJXRL,-0.4753515318,-0.7030174619,-0.9740373543,0.2930811775,-1.0075943704
3pxOEGHL,-0.4618906434,-0.2611180533,-0.4735563493,-0.7063077969,0.8357164496
3ttdV3f5,-0.4425236073,0.4964165083,-0.2282891483,-0.2397109178,-0.3869655153
3v4X6Mfe,0.9149835861,-0.3341743365,1.3500458332,-0.5067884398,-0.3717032378
3wORuPiv,-0.4539670026,-0.144278732,-0.7422217486,-0.1592200674,-0.960711318
43EfrxZj,-0.0694976118,0.3537397342,0.1084794452,0.1326714081,-0.5602628662
457Vwm21,0.02789269,0.5019732842,0.565656488,0.4109231348,-0.5540832451
46KNnOdx,-0.490460872,-0.0967314748,-0.9170518993,-0.0609819968,-0.1048047375
47TwNsVC,-0.4909899581,-0.6782705683,-1.4580602506,1.2204773936,-1.4947140495
49856RpO,-0.4305370992,-0.4403632411,-0.9935285816,-0.4051878678,-0.530654598
4Ane1o2N,-0.4136020952,-0.2076772769,-0.3066718927,-0.4921934992,0.0887662615
4AyVUgSc,-0.4757085963,-0.2384774433,-0.5314751942,-0.6661432408,0.0282960645
4B1951On,-0.1047377446,-0.0475661382,0.0441460691,-0.3087638117,-0.4622438706
4OL39Teo,-0.0700839421,0.5716986835,0.2065239195,0.2075903646,-0.3385878762
4eQ90eLY,-0.1449910234,0.6445772334,0.0087856643,0.3647421001,-0.6033001836
4o5jwMj8,-0.4305586724,-0.3513562384,-0.5485407964,-0.6249291565,0.3792197639
4vPgpl2c,-0.4870778163,-0.2408740109,-0.3919484943,-0.6698642643,0.4875130533
51r9aA0d,-0.4392416573,-0.215338543,-0.2870491572,-0.7216219712,0.0519533294
58SmeRoP,-0.3466931601,-0.0528155102,-0.3473519624,-0.2738098463,-0.3624731372
5HJp1AXn,-0.377641916,0.0625720431,-0.7807839094,0.684225964,-0.4612200983
5MBZW7fx,-0.0281077034,0.0325428324,0.7927601473,-0.54764622,-0.1357345013
5Nq3gHaP,0.1690090141,0.8394541547,0.5786665985,0.4154346093,-0.2523268464
5RmwFFK3,0.3686520922,0.525323131,0.4149288436,-0.1445201772,-1.0030222738
5Tu5Jbov,-0.4512552934,-0.0924043869,-0.6843065078,-0.2094956912,-0.4767116061
5YEolkev,-0.3659659376,-0.2162193711,-0.2314972694,-0.5489296482,-0.5742820498
5a8sf6QV,-0.0542487907,-0.0032327696,0.3536845096,0.0341276634,-0.7752071217
5eSvmqYm,-0.3806117488,0.0428490655,-0.0314573338,-0.5847817967,0.1004621467
5hkN8fiv,-0.3699518182,-0.3163625979,-1.3723373148,0.7818043086,-0.7304665231
5oK8Gti5,-0.5107324002,-0.0735161716,-0.4678352708,-0.6367064735,0.9374489425
5paniGaU,-0.5247928685,-0.3448058314,-1.0297090003,-0.7886358828,1.4974626219
5vsr7ZUP,0.4752395656,0.0465614524,0.9640246017,-0.3592565548,-0.8587846554
60B4xMWI,-0.2924007757,0.406358932,0.7370330575,-0.6923717929,0.7119501909
64jOUtKy,0.179867673,0.1060445913,0.3157363738,1.9985769004,-1.1658670654
6AJo4xNG,-0.3947766314,0.2981931765,-0.3102988061,0.0272329544,0.1476914818
6CAvhEte,-0.4078370259,-0.0949503197,-0.5440065614,-0.4916719009,0.1922483652
6CuGYjT5,3.7269716279,-0.3584386045,2.0682563151,0.6457216227,-1.4866009917
6DGH8ujZ,-0.4291811981,-0.314478138,-1.3989650447,0.1420483806,-0.4003779194
6PzsGdVm,-0.3656427445,-0.1117157551,-0.9628168211,0.4609195037,-0.4116155531
6UcSJMbq,-0.173095136,0.7435834883,1.0768054143,-0.6744505525,0.449718764
6WJbkH8U,1.3251317353,-0.3836302982,1.5710901161,-0.2539932206,-1.2735261106
6eUWsVzw,0.5459817778,0.1499664945,1.129500192,-0.2607614593,-1.0599769624
6gNyO7Do,-0.0010370112,-0.0906078791,0.0311172846,0.5109298398,-0.9135325392
6jT0AyHe,-0.0595947961,-0.017417746,0.402995576,0.2283841928,-1.231922481
6nBgCvWu,-0.4822030046,-0.3803508874,-0.1675563398,-0.5504474873,1.0742979038
6ro5mqg6,-0.3349634077,-0.3217449288,-0.3135578805,-0.3669633893,0.3960124711
6sGqObX4,-0.5169200058,-0.2069707339,-0.8625785929,-0.461013365,-0.6974483291
6uEGy0n4,1.8146709773,-0.0720351279,2.2871641145,-0.5302450637,-0.9374908021
7BZ4LxP8,-0.1249982542,-0.5108740544,0.0112357534,-0.4379181864,-0.7409805769
7CmigXKi,-0.4331145559,-0.3240075372,-0.8015536007,-0.5990260962,-0.057906513
7Ga0LpfR,0.2606984986,0.9459941522,0.1424099977,1.0994959493,-0.7681980151
7PQsFvsG,-0.431586266,-0.0971017766,-1.517327091,1.0634240623,-0.4236622596
7aF7nnwn,-0.544778483,-0.4466907098,-0.797248823,-0.8152742609,0.9856601436
7asGzfX9,-0.2413032129,-0.0070988969,0.0135797859,-0.3685373834,-0.1995138682
7cg7C92o,-0.1673675565,0.5631842582,0.2794334934,0.4150905754,0.0850554121
7eOxTpsB,-0.3299736483,0.0613149542,0.5274600537,-0.65518821,1.1460353109
7ey0v7ma,-0.4460669301,-0.7592662822,-0.9289523381,0.0785038765,-1.2408110508
7gocyrYl,-0.2633058055,0.1212508093,-0.2898985909,0.7469382542,-0.3393850198
7gqR3GoA,-0.4180996335,-0.2262571911,-0.5929444442,-0.5070744423,-0.520577601
7og7aUXB,-0.2292766149,0.3151881236,0.3864478054,-0.0894127819,-0.2996344321
7onRfa8F,-0.0722763437,-0.0062697821,0.5038917336,-0.3592263261,0.6955875197
7umkNuxM,-0.1912901892,-0.0719670841,-0.3308791349,0.3596477449,-0.4927735765
7vPr9ExD,-0.0951288004,-0.0918861168,0.2819959207,0.123009712,-0.7271625689
7zNjpCzu,-0.3992657032,-0.0744240696,-0.4616620494,-0.3216725554,-0.4770831254
7ztsQNj3,-0.4093623127,0.0268305759,-0.4506711867,-0.173101084,-0.3189598374
86gppwMI,-0.5911179332,-0.2875505105,-0.9614933075,-0.3774280308,1.3743855478
88thAGdL,-0.3756774705,0.1042841997,-0.0867246082,-0.3380401129,-0.0529297464
8GhU8STP,0.9570691745,0.1413601966,1.3824847859,0.1311783533,-0.7279182668
8NlzDcWe,-0.4905803208,-0.2477440404,-0.8384240801,-0.7050518027,0.1995298504
8QAejdLW,-0.2138813321,-0.177050273,-0.1530661898,0.019157737,-0.9437671145
8RDeFxWM,-0.3952235745,-0.0902169109,-0.095333168,-0.6526141434,1.1932767869
8UXP2NBS,-0.513341512,-0.3326384548,-0.4715789703,-0.6771613896,0.2856444463
8ZoV3KGT,-0.2591444257,-0.2418492155,0.0131375064,-0.3522715613,-0.4926958379
8ajs2uG8,-0.4443602035,-0.436832585,-0.98662803,-0.421477853,-0.5673098702
8bXnz62p,-0.217734578,0.1691580951,0.3034145213,0.2195985175,0.2888746746
8nO1O1LG,1.8038369152,0.3495682037,1.6124571722,1.0681070047,-0.9002549093
8xE1p8g8,-0.4785980443,-0.0243070444,-0.5932012167,-0.4469107512,-0.44308294
8yMDVMRM,-0.458446688,-0.301837269,-1.0432904126,-0.4539754891,-0.3225977796
98R5VaPi,0.249966708,0.9723247529,1.652447187,-0.6637825001,0.8705056882
9DcTz2Ua,3.6368049722,-0.1139472767,2.0893282532,0.3130374368,-1.1466782534
9G7nfUrK,-0.3629797409,0.1868145095,0.1174469548,-0.4908074289,0.4316932496
9O6GZ1HT,-0.0363945942,0.9188661873,1.0295082959,-0.673493611,-0.1042159764
9S7fCoAM,-0.4808885019,-0.4633277829,-0.0905183329,-0.4924175007,0.8345376933
9iQwmFJR,-0.3515347082,-0.1022955484,-0.2551056428,-0.5916205462,0.1064804853
A3Mt6SAQ,0.7849784717,-0.1583283419,2.0518297571,-0.7720853934,0.1530116187
AJIsQIcV,-0.4179277133,-0.2546247899,-0.5727924407,-0.4873503201,0.1378204738
AMHKXMh8,1.5456476331,0.5397023854,2.1669786146,-0.5291886934,-0.5741998953
ASwA2J4E,-0.3132097633,0.0097634156,0.0408044557,-0.4423501117,0.7028383854
AaFvEoHq,-0.3627344889,-0.2136315494,0.2338898713,-0.7407434618,0.919621067
AiIPD6hX,-0.2302176502,0.4882431069,-0.3967022257,0.3977177388,-0.7771256905
AsIURvJS,-0.3975785001,-0.1676503888,-0.545366906,0.8899287158,-0.9302623039
AsvgbJ0C,-0.2842540785,-0.0483857323,-0.9777948392,0.651417001,-0.0950886751
AxEhbkCM,-0.3996164844,-0.4144682318,-0.6049223369,-0.5631254978,-0.6439446293
B7VPkIpx,-0.3892856295,0.1570811389,0.3972227321,-0.7546757634,0.5826323599
BBwHqHiH,-0.1974339456,-0.3500222352,-0.0786992987,0.054992126,-1.014381519
BMyps8hr,-0.2379441685,-0.5872565874,-0.5321755355,-0.291562401,-1.0006085394
BUHS4dQw,0.0496758787,0.3333762368,-0.021181033,4.0947488398,-0.9501719404
BZB3EYWQ,-0.3208866454,0.0059612685,0.0199430064,-0.3330446332,0.7643518692
C5UPCZcL,3.917917808,-0.1480622133,2.2908802499,0.6278535838,-1.0252723883
C5gIfQbJ,-0.5193111746,-0.5743523072,-1.4312621021,0.8348200439,-1.4151423973
CDRuu4Pn,-0.4021503551,-0.3632085883,-0.3728515142,-0.7480647855,1.017343435
CQhTYkqE,0.505644338,0.0817274146,0.6555441286,0.0327639817,-1.5208651363
CSEobMXv,-0.4696300892,-0.5639657377,-1.1726238673,0.5146375588,-1.0612331333
CYMQE4x0,0.2042218201,0.8130119029,1.2631682206,-0.2783550585,0.2303502842
ChQdtl4J,-0.4945768908,-0.4483062838,-0.2067077084,-0.6216569651,0.6106445127
ChnD1nrN,-0.4723024171,-0.3053947685,-0.7982754263,-0.7127795016,-0.1242561037
CvtbbIcq,0.5452699243,0.1087467552,1.2232323764,-0.3036409963,-0.2024232437
Cxk06b77,-0.1265921565,0.0231586985,0.5499915208,-0.2706670376,0.3180887164
D3QD3ZEJ,-0.1386903366,-0.0602866432,-0.2374757986,0.4588496397,-0.1765013051
D8J5C6lA,0.7037276555,0.6195250064,1.336751487,0.0120233384,-0.7124698748
DCeQwYfT,-0.1993545251,0.2051986971,-0.0194267226,0.0374798947,-0.8208550328
DDEftkx3,-0.5410972745,-0.1567698325,-0.8856870017,-0.6857252797,1.2629867302
DEwCfeDW,-0.371016654,0.064466773,-0.0297896896,-0.1035720036,0.5307543249
DMkIV4oL,-0.4585398875,-0.2544012694,-0.6902797581,-0.6699825663,0.6150903395
DnzGfbxS,-0.1844028769,-0.3631530745,-0.2718412424,-0.1607907085,-0.9179680318
DoZxo6f6,-0.4461512327,-0.3800583923,-0.2347059919,-0.6420720683,0.6900160563
DvhBPGIk,-0.4101464,-0.356438781,-0.6778939198,-0.3667373328,-0.3268006875
Dx7GoUcT,-0.5130052836,-0.4390514534,-0.2227217247,-0.7113660973,1.2545614027
E5hIjohO,0.3697911557,-0.1457584854,0.2836221566,1.1283572356,-1.3427799864
E6x4XGHt,-0.4419234414,0.0566717816,-0.2926390255,-0.5562585565,0.6443895234
EDEpAzh1,-0.4998055017,-0.2848848604,-0.7880100401,-0.5018430628,-1.0927811554
ETGudkQt,-0.373432264,-0.022419695,0.1583691704,-0.6010837889,0.3536509534
EUleKrLJ,2.1452426875,0.0045400353,1.836475306,0.1935192816,-0.801082683
Ehw2Jz6s,-0.3474552213,-0.4258054238,-0.6935537438,-0.5130941292,-0.2726214312
EjqzC4zH,-0.3868238661,-0.1095747839,0.162785947,-0.7290082078,0.4441264882
EkMZO3Qj,-0.4428448256,-0.0790333377,-0.0351895849,-0.5717901073,0.5304356276
EnoNXWvU,-0.1505634469,0.7018492632,1.1611826686,-0.7082160875,0.3622639186
Epv8ANwr,-0.2365416122,-0.1942700874,-0.5011671653,0.5173262998,-0.2978348493
Etro9j0B,-0.0700150711,-0.296472064,0.4044431068,-0.0164213455,-0.0397091018
F3MIZj76,-0.406426879,-0.2180854542,-0.7825263276,-0.0935093257,-0.9438052475
FB8tU00K,-0.4383317325,-0.1511591611,-1.0773016549,0.3787491939,-0.4515736264
FLhxBGMK,-0.064851876,0.1412286556,0.6753399283,-0.2605653514,-1.144996588
FRreR8ka,-0.4600266638,-0.409411713,-0.4044275264,-0.4738648763,0.583015586
FXne4oAV,0.2620750918,0.3012754074,0.9509705756,-0.3773354416,-0.5557781418
FaW764jk,-0.2353015797,0.0650371585,0.4838736373,-0.4105528068,0.2858040557
FeAbMXly,-0.5488688563,-0.2626332724,-1.1857736511,-0.6944501637,0.8191157043
FeudaFXn,1.8053109158,0.3873930313,2.5878944202,-0.6369665763,-0.8720552733
FldUmFeM,0.8910886244,0.5381038701,1.7470043445,-0.6413956241,0.0933969378
Fnv5tfAm,-0.4218302743,-0.2893275597,-0.5497487018,-0.0089375589,-0.4870862032
FvrAd3Or,-0.3071368446,0.2887814481,0.747929304,-0.7025064862,0.6260567701
G48zHffi,0.0422055132,0.9068206619,1.4826764526,-0.5908298838,0.5204446659
G76zCv5N,-0.4388292627,-0.2153687266,-0.2491870155,-0.4534996363,0.0315360406
G7JGUdNf,0.0263604791,-0.1202386006,0.2471428394,-0.0731622033,-0.9346973127
GCo6MONx,1.0658380872,0.7297652078,1.4048969979,0.4581616276,-0.7790503682
GE0vbpVQ,-0.1825850016,0.1301291429,0.2953233893,-0.5434591038,0.1934603011
GN0DfOqt,-0.3800534573,-0.0651566609,0.0913235682,-0.5436306832,0.1874200803
GNsTAb1v,-0.5085938339,-0.436697124,-0.6699491397,-0.3991084006,-1.3400144018
GPwmO21z,-0.3450466698,-0.2574108034,-0.7192076006,0.0028009959,-0.4480795847
GQYpfLoh,0.3475841019,0.5690219666,0.2992316816,-0.0283737056,-0.9471669861
GR9knT8n,-0.4333757257,-0.1872303059,-1.5233995431,0.7511955343,-0.4282860942
GXtFFbZy,-0.260680556,0.2227511397,-0.0237811824,-0.1809849315,0.0082166664
GYvzvvFD,-0.5712530262,-0.377203045,-1.2376313084,-0.3484491181,0.5183855949
GemPjTJ9,-0.4970122385,-0.46869057,-1.2433601762,-0.0100350614,-0.4748813278
GkLYRm1K,2.0651083322,0.0281080797,2.3014496979,-0.5935982864,-1.1245670502
GmlqP8eI,-0.3741251292,-0.2273028933,-0.6629083582,-0.6030315015,-0.4216901448
GqkIrOvf,-0.439334271,-0.2420011299,-0.8137142992,0.5078399965,-0.7115575045
H0fsegPi,-0.4912861007,-0.1873726942,-0.4055814836,-0.5763601211,0.5772469654
H4dHpJjU,2.2659192303,0.4478338122,1.7448476659,0.2687365734,-0.9323314037
H5QwJCuU,1.6264440439,2.0029326311,1.9924736094,-0.3903273629,-0.2892082448
H5uwmSZ0,-0.4515726974,-0.1414043524,-0.4120093573,-0.6201227641,0.4751827291
H8MtbVoL,-0.2818175331,-0.0648693473,-0.0289976923,-0.4052802255,-0.4096345296
H9JrUYnp,-0.4258334627,-0.283217499,-0.2808458061,-0.2546917506,0.5940474766
HHYmmHVk,-0.4953394343,-0.3380680643,-0.6292804113,-0.7851026189,1.420143113
HJ5U4uqL,-0.5171430823,-0.2582321976,-1.3184060605,-0.4232822651,-0.261111541
HNQxYc4w,-0.2993846975,-0.467549375,-0.5190909737,-0.6079758456,-0.2300566589
HQYhKHZ8,-0.4238926291,-0.0433460627,-0.5720934865,-0.3899236371,-0.1649604175
HSCMx0MC,-0.4144613892,-0.1367256868,-0.0720552447,-0.6463841547,1.1441889538
HXYuE0fx,2.5630915721,-0.1690356994,1.9444925176,-0.0437747718,-1.082000322
HdKcxEWr,0.0748899039,0.9491169961,0.7095050693,-0.0006625784,-0.0042513202
HecW1iCC,-0.5144010142,-0.3299020468,-0.8658194815,-0.5163558089,-1.1625777258
HpbKB8rv,-0.4717713884,-0.7470949043,-1.1344497431,1.2381609912,-1.0121986271
HrkoYjCg,-0.1340340796,0.1935761133,-0.0302998209,1.2727248266,-1.177229931
I5P2uquT,-0.2294765303,-0.0820989435,-0.0364350004,-0.4602551754,-0.0335865588
I94qkDM7,-0.5859865164,-0.3941864662,-1.4527816856,-0.4329898506,0.7138350165
I9sQbtt8,-0.3336660904,-0.4100866748,-1.0870885653,2.0275544798,-0.8993883355
IFxgw6ZX,-0.3758560094,-0.2460370594,-0.4231813226,-0.4022680386,-0.4555524391
IPPPSyoU,-0.495906871,-0.2472204848,-1.0908449792,-0.2262358731,-0.5425154012
IQOYQubU,1.3178921299,0.2689627214,1.5071201933,-0.0720922933,-0.893313154
IYNE2SxU,-0.4565060486,-0.1612186097,-0.903397302,-0.2393814393,-0.7123413639
IZRFk9kN,-0.1877908988,0.2288643073,0.1842945074,-0.2398097049,-0.2779236736
Iaq3v0t3,0.7840860389,0.0463095666,2.0159849466,-0.7240969655,0.0829043263
IbVwu1t6,-0.4486811649,-0.3574243665,-1.4423067293,-0.1743137443,-0.4263923514
IcHKTLyo,-0.0852160896,0.2259422624,0.0466080122,0.2586561761,-1.0859138134
IpW80wVB,-0.2832782459,-0.2864208333,-0.8637464878,-0.1920801238,-0.3998055779
Itb0PYUV,1.9334905451,0.1039354926,1.7423461349,0.8159626335,-0.9507772697
J8fpSwS0,-0.3719680665,-0.2370831686,0.4733970502,-0.7571772737,1.2064017458
JE1SlbD0,0.5904052935,0.5326604949,0.7452549287,1.759238537,-0.9776817195
JEB4McNb,1.1757851269,-0.326657978,1.4355768281,-0.1560212125,-1.2039566089
JEE4QVeQ,-0.219043032,-0.3445162152,-0.2686689213,-0.428852926,-0.8221083397
JJSEU2VQ,-0.4895661867,-0.1154490657,-0.4571519845,-0.5804022947,1.0822424737
JSsVriP2,-0.10984463,0.2451170134,0.9448951342,-0.6621715537,0.043025224
JUvQNiOK,-0.0141881122,-0.169332862,0.4072412511,-0.3599902019,0.0222549459
JZbrRtm2,0.0385998419,0.7866826478,1.2974195239,-0.6537938741,0.0637837684
JcE9G92B,-0.1780866803,0.3182965202,-0.0522872786,0.5330856199,-0.3429154586
JnNYpXHr,0.2062785581,0.2413910077,0.3783638348,1.0206860111,-0.7202079803
JzpbnOtz,-0.4306025181,0.1100479184,-0.0035088854,-0.6126674399,0.9634742271
JzzUhPQp,2.0890778104,0.1101000274,2.2511061137,-0.5030472248,-1.0897493844
K05R8dQK,-0.2735641415,-0.0489804329,-0.5519616946,0.4772583015,-0.9491112817
K17pG2mG,-0.2399479919,-0.0045239154,0.5084404276,-0.6745708943,0.5371772348
K8BellUe,-0.0521509845,-0.37858585,0.0543521831,-0.3109302201,-1.5051656008
KJ2eH6rr,-0.0824099941,-0.3311947094,0.2202924005,-0.3404190322,-1.0645150541
KJEJ6Glk,0.516772349,0.2736268579,0.6752254454,1.0042936331,-1.0786335894
KSbO0oXS,0.395063603,0.1299678376,0.4127675001,2.8579328998,-1.484554489
KXtvmd01,-0.4079958082,-0.2791135553,-0.039059508,-0.5200670904,0.3494628765
KYiJqBuJ,0.0420797491,-0.1966840096,0.6408302137,-0.535085891,-0.6794113104
KmbAyTcE,-0.2377669223,0.0755924304,0.2203417478,-0.3442978179,-0.2827636561
KnNyl3rV,-0.0013144743,-0.1325724927,0.6768814212,-0.4567189147,0.496831135
Kp2DG8TZ,-0.3546954455,-0.3188343418,0.3195759359,-0.6407005365,0.5390274345
KqQtKWs5,-0.5249128766,-0.3185219427,-0.9433709778,-0.6589120719,0.5372853081
Ku27g63R,2.1901859683,1.4782074771,2.0750076605,-0.639913789,-0.2732393307
L2aTVqDq,-0.4064794663,-0.3466985227,-1.4028978399,0.7581952691,-0.775498367
L5jvq6G4,-0.5202018287,-0.1677003715,-0.6781998359,-0.6942887043,0.6383262003
L91hYVQl,-0.4570439052,-0.4395054945,-0.7824911274,-0.7953871915,0.0315423188
LINAMlbA,-0.5088898594,-0.2040187063,-1.0335933153,0.137145643,0.5920490537
LJoUNXSx,-0.486995151,-0.3211094893,-1.7894942566,-0.0550313132,-0.4957554622
LLtSiyWD,-0.4324496017,-0.1789672541,-0.4765050397,-0.5834957581,-0.1417115038
LQJtV8kn,-0.0277438044,-0.1942173558,0.592542289,-0.1836651352,-1.1113310228
LW9uddw7,-0.3875655375,-0.6970405452,-0.8509175565,0.9298311913,-1.3086129039
LZ6sdBTR,0.4650087903,0.9100992022,1.4469560981,-0.2856165714,-0.3336403522
La2Vhnne,0.1239302504,0.3857877609,0.2390221192,1.8696267267,-0.5509814101
LaUWSq9B,-0.1012827899,-0.3741136155,0.0860583882,-0.2695981271,-1.1010718188
Lk4SfkPQ,-0.4931569988,-0.0554187918,-0.7991614585,-0.1853080779,-0.7872278458
LllC836d,-0.2639951233,0.164849096,-0.618602407,0.6195054599,-0.1491102619
LuGiGeWN,-0.5543208144,-0.1130770136,-1.0110673422,-0.3883400907,0.8626114656
LzcyHcWa,-0.4948713233,-0.0871768713,-0.674928831,-0.6217592503,1.0145849561
M7veP0H4,-0.4766675207,-0.2067194791,-0.5605841467,-0.420332964,0.8284064409
MB8aaJUc,-0.4875142349,-0.0110257714,-1.481194712,0.5596265238,-0.0341993938
MDpe2zuy,-0.4455027911,0.0380183361,-0.6420028818,-0.5153170178,-0.3706056681
MEzdmEIU,-0.3036294502,-0.1180476447,-0.1363244619,-0.4677252633,0.0673955684
MVnhtivm,-0.3575753528,-0.3174391562,-0.6528437636,-0.1217091204,-0.3140714997
MYU7WDis,-0.2729142024,0.0742004414,0.5076781813,-0.7253908956,0.4415072341
MZFqh6yw,1.0753403491,1.1856836449,1.9831956037,-0.4303695316,0.1832297553
Mdgy4SsO,0.2701481876,0.9654568773,0.2099544611,1.1346964163,-0.8687085172
Mj8awnzy,-0.3340347642,-0.3445691512,0.1880239277,-0.6470532719,1.0920774864
MpFPbUJy,2.5567445687,-0.1537607579,1.9844656258,0.5656068133,-1.2775786264
Mqk7MFBM,-0.3595777262,0.1781563169,0.437064829,-0.688130445,0.6334635433
Mqs2t1Eo,-0.4457736556,-0.1405707105,-0.7196288832,-0.112751491,-1.0027898388
Mv3jFVxp,-0.2319085774,-0.1351445068,-0.249287688,-0.0989406377,0.083535286
MxODTXvA,-0.0266208482,0.4227039423,0.6452589925,0.0843544924,-1.1992464973
N46PbpPM,-0.4104123967,-0.1164860096,0.2406714111,-0.741965723,1.702085127
N5S5F9Gk,-0.6104941192,-0.2038751605,-1.5936186971,-0.3462926477,1.083649148
NLDg5fqw,0.1977830411,0.4345358649,0.4809939902,-0.3684147494,0.0293036285
NOho2ZiM,2.0668760245,0.0811907464,1.7571820132,0.085243392,-0.9668090904
NUuY7PFU,1.9660778973,0.4157343865,1.6124953876,0.7762287243,-1.1155399669
NV1e8AEO,-0.3980173215,-0.0023558937,-0.0215646455,-0.4663214943,1.1472979417
NZLXROKC,-0.0178758293,-0.1554039327,0.1943051253,0.4655928285,-0.9173576415
NaJo7C6o,0.3054204888,0.0649539059,0.8987192587,0.0316538986,-0.1677067153
NgsyGkrO,0.1321445078,0.2007816633,0.5996290108,0.7574088601,-1.2782395434
NjOx4Zpo,-0.3760048556,-0.025624589,-1.0474502782,0.9716052377,-1.1173952095
NmQoI7x0,2.3024958847,-0.1273892436,1.796573266,-0.4919321055,-0.5182993432
No4wkdLS,-0.4764889551,-0.2267825856,-0.9372280578,-0.6511014576,-0.0448113785
NouMwhOf,-0.27172074,0.0781094806,0.2564445627,-0.3313824824,-0.6674153073
O6YAWd8C,-0.2004173348,-0.3721652278,-0.1578677911,-0.1794537784,-1.0647233175
OAXVphSh,1.4670897824,0.1732839375,1.4774015671,-0.4439859955,-0.1317589439
OJBBhb6Q,-0.5479503026,-0.4401417338,-0.4808421788,-0.8125691283,1.3839543919
OSIQXImL,0.4665939353,-0.2604655865,0.4763930166,0.2685800389,-1.4424044968
OUUFc5Zz,-0.4438063401,-0.2979176524,-0.0953294129,-0.6584265929,0.9165615642
OVk1lquT,0.0818317303,0.7574174174,0.4314348471,1.6132745143,0.1476158522
OXdRxjzz,-0.3538621158,-0.2575983447,-1.1257087902,0.0467484063,-0.6010436927
OXxW2ekf,-0.476256826,-0.4442214153,-0.7151231941,-0.6145951732,-0.2656264473
OXz5OpqR,-0.0816866185,-0.0316449808,0.8337206678,-0.4358755385,0.2780013474
OcBFW1AX,-0.5888069811,-0.1630871081,-1.323693438,0.0406474025,0.7754614484
Of9V2rpt,-0.1554794109,0.0098364931,0.2626315719,-0.0605747904,-0.4761276334
OfLxPhbG,-0.1644335313,0.1894017913,0.130316332,-0.1619071632,0.1283334903
Ojx2vi48,-0.4606047287,-0.2610971685,-0.6627248714,-0.6663964285,0.3847776583
P3M32iuT,-0.4209827844,-0.4297886426,-0.9690175924,-0.7724603826,0.2435534511
P7olVzrO,-0.4324223782,-0.0936700747,-0.3151370634,-0.3661287973,0.3533081266
PAPHErnv,-0.5141529387,-0.1257625001,-1.1857112322,-0.2080770017,-0.3336925692
PBjEtfXb,-0.3608312153,-0.0281551268,-0.0948798547,-0.4600097232,0.6881493057
PZGpoBBj,1.6216183702,-0.1011669936,2.2364095707,-0.57487183,-0.9346688712
Pc2RrxXS,-0.4845282136,-0.366143935,-0.4517656724,-0.5955520668,-0.6718415373
PcHQ4FOu,-0.4736824883,-0.1767029246,-0.724453424,-0.342567747,0.0194593005
PeNyTOVN,-0.2717874346,0.6267418867,0.0578281403,-0.2358421461,0.1357821089
PhUPSU53,-0.438841376,-0.0991758197,-0.6607853023,-0.2508312807,-0.6374030146
PmUNeV2O,-0.5165604422,-0.4275260409,-1.1387641222,-0.726551365,0.1190005519
PoDJ0uvK,1.0027039169,2.1146209934,1.7695126882,-0.6426251757,0.1940045273
PsUJdJdg,-0.1741835087,0.6290369706,-0.1276725715,0.6011251522,-0.5396635747
Q3xLFx1f,-0.3793103601,-0.3610554836,-0.8426143734,-0.1943758295,-0.6870285513
QBGxCvdM,-0.1268287381,-0.194825033,0.0511802496,-0.2809423662,-0.8245770632
QCEPyu6L,-0.4520829669,-0.2692645562,-1.108788526,0.120361235,-0.7529501007
QEfwec4s,3.7176447638,-0.0337115993,2.1876407646,1.2345150412,-0.85736879
QZ87Nnr3,-0.5445220206,-0.3519877357,-0.6868130925,-0.6797616259,1.0200893582
QlyGN9jv,-0.4327378509,-0.0619937237,-0.4391376601,-0.4227877842,0.2380487142
QqgWE1ny,-0.3432798681,-0.1312926499,-0.4146307389,0.1544852591,-0.5201894259
QrjjBpZd,-0.4675090215,-0.601671538,-1.2896927593,0.9005117883,-1.0918090283
QsaBiX7V,-0.382539081,-0.0848318508,-0.1992430517,-0.0515285736,-0.1639269745
QtBKJuZk,-0.3184556544,-0.195641288,-0.1578837302,-0.506402929,0.2522583962
QtPRO8OJ,-0.5076286231,-0.1996861135,-1.0001509887,-0.6290776717,0.3663893683
R8XcsFnp,-0.5208594022,0.0648040886,-0.0375456406,-0.5879035916,1.5393736485
RROfRt9z,-0.1580223926,0.320143851,0.2934105741,0.1340004929,-0.8669144209
RTcbiDGq,-0.476704679,-0.2577600078,-0.5391843543,-0.4825665713,-0.2871722185
RVidM9g0,-0.0765028499,0.5752257051,1.3709221699,-0.7095824244,0.8107611024
RZnQSH19,-0.4965269597,-0.1819649054,-0.2942398627,-0.6796960974,0.9339180299
Rc4UK7fT,-0.559339822,-0.2914288281,-1.0347920782,-0.1830271339,0.6074907556
RcKBKh6B,-0.3791092022,0.1571786658,-0.230522491,-0.2768057591,0.4171669362
ReM5kDa5,-0.140674111,0.0107149985,0.1194573196,0.063030564,-0.8649048185
RfntsotG,-0.4726885877,-0.2906435683,-0.2404886338,-0.7377947622,0.5041111226
RiXMlzXD,-0.3913550624,0.0140979424,-0.2350726993,-0.4844383743,-0.6010904568
Rik83O3m,-0.3939908652,-0.3410452963,-0.6007264762,-0.3446442223,-0.352259631
S3PCzDzO,-0.2194515268,-0.0463981175,0.4841339228,-0.6826062796,0.0264627934
S77BviOJ,-0.4703034661,-0.0789564486,-0.6250610108,-0.2877639221,0.0993509677
SDdvtktF,-0.401031058,-0.3150492828,-0.9388266912,-0.2778174621,-0.7710114891
SHs1AyfM,-0.3024780678,0.4252458269,-0.0740621598,-0.3535734734,0.3926257036
SO4zQy9k,-0.4012115004,-0.195847325,-0.2496110573,-0.550162353,0.5471160373
SOOBCoiG,-0.4408581661,-0.3943125115,0.0267734126,-0.6638530264,1.3736641156
SXkkPB7A,-0.3471529105,0.3448750371,0.5364878433,-0.4867263801,1.3463683845
Sa93dGqq,-0.4818650323,-0.1701035616,-0.987226303,0.5275741333,0.7614795513
SonIG72a,-0.4353886228,0.1048080958,-0.4564787366,-0.1696314259,0.2911646449
Suf6hIBc,-0.3613757948,0.1216003301,-0.0543884622,-0.51170451,0.8440178513
Sx2JeSRz,0.0088535595,0.0193456188,0.454519879,0.3217966841,-0.5092642964
T1Tlftr4,-0.2595640209,-0.0722646465,0.683339106,-0.6917724037,1.2364852128
T7ulR4ci,-0.4281347639,-0.3733503235,-0.1620220278,-0.7685365064,0.9490358002
TA1NB3Br,-0.3142821885,0.1003096956,0.0353089024,-0.45236234,0.6162067565
TFZUskaK,-0.0483955286,-0.3049755194,0.173047009,-0.2587472004,-1.1768387634
TNL8HGWZ,-0.1593407532,-0.194652912,-0.1351049316,-0.2781832961,-0.9208943268
TZ8z1GSF,-0.4081610198,-0.3110423664,-0.8871399671,-0.5338302594,-0.0877656156
TqhRvkJJ,1.9921751536,-0.3814730302,1.5788695342,-0.4884705096,-0.779734235
TtJCUiY4,-0.4386165569,-0.2308385369,0.4045793718,-0.742410981,1.4213353739
TwDq0lua,0.3266918555,0.640019324,0.7073890095,-0.0853995267,-1.0370572109
Tzyf02sI,-0.336407054,-0.141984164,0.6417914524,-0.5568892415,1.1680481609
U3yI6ZS5,3.6839364382,0.3582526584,2.0548975595,1.0147426721,-1.1227930896
UBLnXZAN,-0.459898494,-0.4845494475,-1.4323256552,2.2053254999,-0.8862692197
UBWDzleg,-0.3837745621,-0.1823706161,-0.9148225947,0.4316114507,-0.980740093
UBqkX6SY,1.4032852995,-0.0929086271,2.0676688636,-0.4271203705,-0.8121106409
UCIAi1Aj,-0.5086842158,-0.4688553956,-1.1754122529,-0.4592122823,-0.3573942611
UPbXGvCS,-0.0275041381,-0.1741835613,0.0584178898,-0.1168080168,-0.9771651067
UeWm1l9F,-0.3047031856,-0.1950977648,-1.24038788,1.3459632886,-0.5159156849
UhucscY7,-0.4800336045,-0.3776065151,-0.8242129844,-0.5630493041,-0.7351790623
Uri1SvHV,-0.0954018662,-0.239299475,0.0286508665,-0.0919791462,-1.0835760014
UzxipGJS,-0.4398998169,-0.0443615353,-0.1503313889,-0.4217695655,0.4001770522
V74zfaAQ,-0.2251911637,-0.2063306947,-0.2101629041,0.0167812397,-0.9768601162
VBPxBLTh,1.7759016315,0.8640441804,1.61378369,0.3905888544,-0.908546177
VLG7CXYS,-0.3005405722,0.1222613662,0.0524338161,-0.1295715102,0.5321389769
VNk52SpF,-0.4730946398,-0.5922866055,-1.5251798655,1.7885836098,-1.3574456856
VOREKsok,-0.529516043,-0.1073667406,-0.7190730589,-0.8081961266,1.6509324295
VRhTr5pX,-0.4317677397,-0.4092552691,-0.1014218692,-0.6764475817,0.0969298685
VTcG4Kcw,-0.2194122171,0.182648566,0.6636753672,-0.460609185,0.8722928846
VeKiWSbS,-0.342464206,0.0373005602,-0.0628544489,-0.4236085532,0.5951439037
VnU8nJHU,-0.3802393578,0.1813135205,0.0010848719,-0.3464968151,0.2140748744
VueNCxYv,-0.4340369712,-0.0119932947,-0.5577034896,-0.322378389,0.0190525309
VxuQTRUl,-0.4398438237,-0.1559138058,-0.331425551,-0.5112767714,-0.1391783311
W5lgaocA,0.7870315701,1.1055923005,1.9501440499,-0.5502815545,0.3156205156
W5mMq9Ef,-0.3920281138,-0.2621134417,-1.1446791433,0.2461011201,-0.1721287519
WDhNqFpS,-0.0929799647,-0.3661247851,-0.3072438133,1.0512868469,-1.5535385667
WE6n1kZi,-0.4792998268,-0.311597182,-1.7422264137,0.524242946,-0.4582543684
WFk6r3vA,-0.4274724584,0.0521749907,-0.4166575117,-0.2844952488,0.0125260223
WFyIrsUR,-0.5478164901,-0.6340377518,-0.6948302517,0.2622296033,-1.07705902
WG6ZAsqR,-0.5372693144,-0.2820240158,-0.7944808205,-0.7697867043,1.2701610745
WMq3CZQk,-0.4224883143,-0.2424092532,-1.2379778544,0.3829268315,-1.2392916419
WRskmGjh,-0.4516138267,0.1729301918,-0.7407395061,-0.55707764,-0.3927550311
WXijSglj,-0.4292886198,-0.3104507316,-1.0765562596,-0.3593138349,-0.631355766
Wc0stQgu,-0.4020050383,-0.2968906042,-1.2056881308,0.2763371751,-0.8369025856
WewoSCUB,-0.5442276051,-0.3600872872,-1.1195595555,-0.7616289171,0.4949113225
WuHuhHWJ,-0.2665103746,-0.3204063394,0.164520886,-0.6605187191,0.8795883271
Wv7EBtZb,1.3637441902,0.2365433987,1.5941700437,-0.1651464156,-0.8294698774
WyPlxDn0,-0.4498898174,-0.0112860955,-0.2913703972,-0.5883586489,0.8520270427
X3WqoSNN,3.1684536821,-0.2480746788,1.8225133289,0.7376484638,-1.4155118156
XDhyP9KB,-0.4595160975,-0.1438677767,-0.7098011418,-0.1285856683,-0.5422717656
XQxhDRMG,-0.5693869938,-0.234274219,-1.2813256315,-0.2179640933,0.927026271
XjLNAwxW,-0.1981018768,-0.5180216632,-0.3583453784,-0.0785321164,-1.4612844238
XjfVQbXd,0.5360146141,0.4145157661,1.6553655591,-0.5143741956,-0.3512146731
Xovczbf6,-0.5222412535,-0.0508213527,-0.82706727,-0.7643094942,1.5349467591
Y8H4onBf,-0.5517675904,-0.3901451126,-0.7013511024,-0.7419152053,0.7758600155
Y8YgzSZ9,1.8753179705,0.4350904924,1.8649029143,0.0751959834,-0.3060316968
YC4PNV20,-0.50812385,-0.3635966124,-0.3286158467,-0.6345670726,1.2706875808
YDHSCRdd,4.3893455272,-0.0697453067,2.222473319,2.4362093814,-0.7984032202
YIJ87aME,-0.4011638394,0.1795457671,-0.131732751,-0.5239171947,0.1385191645
YKvT4dFv,-0.3457563097,-0.2287576666,-0.7155217581,-0.1122912553,-0.0420950817
YNebALR2,-0.5585217824,-0.3645570589,-1.0833425818,-0.3859219017,0.601981025
YNrnqFyb,-0.2645543874,0.2307686415,0.1789771484,-0.2814807384,-0.0093745819
YUZ4lR3m,-0.4337225281,-0.1895522071,-0.473098849,-0.3272384173,0.2347537127
YYLvjoVC,0.0457121337,0.5438100279,0.5378913348,-0.3102975455,-0.309769429
Yb8OtMb2,0.1443229965,-0.1523342021,0.4378107815,0.0935725178,-1.0610601982
Ycg4lTYw,-0.5392611226,-0.6580885886,-1.1428453896,0.1504661565,-1.4853921841
Yfk6tekH,0.0360490059,0.6421227279,0.9956309829,-0.4968885045,-0.4131470891
YoSfgmR6,-0.4860288075,0.0601167125,-0.6926358153,-0.3407223144,-0.150102763
YpzFvexy,-0.3758057826,-0.0549877515,-1.0268705177,-0.1992432544,-0.3748239971
Yxqppfa3,-0.1863383857,0.0748724108,0.0969881119,0.0758182008,-0.7044005088
Z16jTUvP,-0.3860913787,-0.1305781866,-0.7204847393,-0.0200341937,-0.3593082998
Z2BdCCbJ,-0.3519822084,0.0500070864,0.0340080316,-0.4294390478,1.0756894793
Z2JJMM6V,-0.4232911413,-0.2600119289,-0.2265042061,-0.2536376299,0.3141711738
Z5jE1OB5,-0.297698959,0.0604874258,0.1856778302,-0.1080955259,0.0623837723
ZFsIqYxA,-0.4096528635,-0.0138403288,-0.3509254797,-0.1274846453,-0.1996002111
ZHDVsoRh,-0.3968496198,-0.3965790923,-0.8214470758,-0.2660805458,-0.4852417806
ZSmfu2Fc,-0.417338698,-0.2802268692,-0.5549577537,-0.2748407164,-0.1574949665
ZU8YXF3H,-0.5139535896,-0.2805378379,-0.7373350449,-0.7647191109,1.4505403661
ZXKaNy6Z,-0.4609621907,-0.3003560033,-0.8634159603,-0.5526944022,0.1250957362
ZbYLo0zK,-0.2434565212,-0.1897668725,-0.1592075998,-0.6136533774,-0.1461381942
ZedN8Gcn,-0.5021348761,-0.3006663806,-0.466308513,-0.5537268513,-0.4563462715
ZgD4Dau6,-0.1740327758,-0.0875380912,0.2114862202,-0.5194727923,-0.7662282198
Zgzf79LA,-0.5529996778,-0.2695731163,-1.0395068076,-0.7271350114,0.3248136139
ZjqzxDOF,0.1131490122,0.764368659,1.2849985549,-0.6036606562,0.137733927
ZsZ5aDpq,0.0606220083,0.2181449667,0.3668219309,0.8425256057,-0.9830228996
ZtyqE7If,-0.2542703821,-0.2899331796,-0.012093498,-0.1258057795,-1.1567550426
ZvUgz01f,-0.27593253,-0.1033632593,0.5438101323,-0.7598865643,0.9697841539
ZwrhgdQV,0.3253961492,2.0828011431,0.9519838317,0.913692146,-0.7144636718
a7bhJGBU,2.0827192778,0.4741978867,1.6572676574,0.2611445438,-0.9295675294
aHpv6KzP,3.8486231854,-0.0132689212,2.2496830378,0.8461352118,-1.0391378897
aINzEBVN,-0.4035403115,-0.3875035834,-0.9248011485,-0.5838825982,-0.7988900552
aP9EtTGF,2.1588766639,0.0935227004,2.5022328202,-0.5891333145,-0.7878433717
aV6EhtSL,-0.42140525,-0.2390140894,-0.5068786046,-0.5887978585,-0.1371959399
aVZsXKoH,1.6074584374,-0.1354818259,2.2162971229,-0.5609371689,-0.8673065412
aYVnVJvc,-0.1201834522,-0.1734143201,0.3591779339,0.6407579267,-1.1360687969
abCzN1zx,-0.4616239641,-0.4135353483,-1.5244137628,0.2232231334,-0.8760418357
ae7sMiB4,-0.2000212308,0.2314437727,0.0554552503,-0.2879099435,-0.2862569138
afsVuCGV,-0.4018420907,-0.1832905341,-0.5474345544,0.2487771736,-0.1981616098
aiwBQETI,-0.0535304022,-0.2372078763,0.1641381329,-0.1197946291,-0.8757822266
aiyli4EI,1.2262394226,2.1928118988,1.7707525557,0.2060363452,-0.169442537
apJ7NmzD,1.70421606,0.0322123246,2.2508750203,-0.4530163178,-0.6097639889
atVjNMtQ,-0.4701559595,-0.70421202,-1.182051337,1.9866018342,-1.433535931
b5GirVGV,-0.4503322738,-0.3562136907,-0.1328172574,-0.7104827577,0.4934995278
b9SpMjNB,-0.2614703344,0.1693333734,0.2941827346,-0.182025036,0.8448138415
bAFs37yy,-0.4295560541,-0.2554425661,-0.2323211078,-0.6856353502,0.9841529714
bDia1hHV,-0.3706695482,-0.3644560166,-0.1295173816,0.1282559312,-1.02338596
bFkv5Mtr,-0.2659745012,0.0350073155,0.0747392909,0.1772205842,-0.2723098026
bHe2IXgA,-0.5051667787,-0.5074636205,-1.6620139421,2.519560737,-1.3685619867
bWX3vUm5,-0.1148864423,-0.0243934688,0.1846966945,0.1991313409,-0.8711902837
bat8tcGs,-0.2406614147,-0.2697394891,-0.2915283664,-0.1751621559,-1.4394720286
bfjej4wu,-0.5015830328,-0.3592710344,-1.0333518831,-0.0674027066,-0.9173981172
bh04YDiP,-0.2924594872,-0.2241261379,-0.533839564,0.1831664719,-0.4087117161
c110Fdc8,-0.311632591,-0.1227385744,-0.1102168379,-0.4602778679,0.1674914691
c32GUzMa,-0.5768020999,0.0841422671,-1.4460874987,-0.0332736058,0.8499750353
cT6uU0B0,-0.4788462705,-0.1098807394,-0.7721768938,-0.3668133928,0.9251783295
cWXCiFwh,-0.5009192,-0.1893893308,-1.0364497805,-0.5447787487,-0.5711654588
ceNvS3yd,-0.4230864411,-0.0653305788,-0.9436765384,-0.0651426672,-0.0597662362
cmwdt4Av,1.6880835081,0.1105727907,1.7607478384,0.0360207917,-0.9401119662
cn4EHsup,-0.4894635305,-0.1505974246,-1.4798920676,-0.2562657605,-0.2065285016
crVOGGTT,-0.4130319555,0.1934834185,0.3526006676,-0.5762919085,0.8640360257
csPEJ1E5,-0.470273365,0.4704274629,-0.2309356302,-0.5085425698,-0.226559849
d0UrRtMk,-0.5370553524,-0.446878115,-0.6610395114,-0.822184311,1.5505130103
d6LU4G4I,-0.4318941299,-0.2189276249,-0.8648856712,0.3470271927,-0.1000768002
d74T1DVv,-0.4313747021,-0.2023560887,-1.0985977952,1.35408991,-1.0749360224
dR6rM1tQ,-0.0561974552,-0.3003108528,0.0802586747,0.0042855865,-1.29695895
dUNxOoqg,-0.5065174456,-0.3020839523,-1.0138698935,-0.1093736641,-0.6262106901
dUnlyhj7,0.4277856315,-0.2512899248,1.0089472785,-0.5674771807,-0.347670524
dVDlnZQ6,-0.4234494917,-0.3440457779,-1.3063102439,0.1446966787,-1.4849769579
dVT26GDu,-0.3802752625,0.1816746749,0.1345213833,-0.4374544799,0.4010581408
de43ycXY,0.0659042446,0.8854481652,1.2988821459,-0.6491731839,0.1116526629
dfIn7m9z,-0.3970675355,-0.3917163548,-0.8243539148,-0.2535395281,-0.4237671416
dhmb9ZY9,4.6564581906,-0.2878750468,2.2998164372,0.6869245771,-1.4079816709
dn8kCuyf,-0.3349260795,-0.1736795613,-0.2975306224,-0.5580510986,0.1455626875
dpcquvWW,-0.4460617896,-0.2532602372,-0.2924145545,-0.3990018317,-0.0134896915
dqcbIMyr,-0.5750206916,-0.2648786388,-1.5973645941,-0.3588811332,0.3215096278
drWgsBf5,-0.3858397611,0.1658443468,-0.4665537907,0.3514839588,-0.6706598352
dytx0HSe,-0.5623665264,-0.2390007366,-1.1345916001,-0.7668882114,1.2560623168
e4KkkIha,1.7711736891,-0.0044327232,2.230050452,-0.571661876,-0.744515264
e9YorH4m,-0.1964627074,0.2509722367,0.9480983576,-0.731825026,0.3875685403
eB9gVQ0R,-0.3693180273,-0.0195526223,0.6284977318,-0.6150817569,1.3765450029
eMhLFqU6,-0.5509743789,-0.2659130624,-1.2697803923,-0.1054301788,0.519774637
eMllg1qm,0.3446093593,0.6459217864,0.9816886981,-0.2204985357,-0.5014119795
eNPunZ9i,-0.528909016,-0.2042289171,-1.2691017979,0.4819426972,0.4953850605
eS5BSM4J,-0.4534251679,-0.2613271967,-0.4369165864,-0.7040552951,1.2786129736
eVGMFoOI,-0.2922518674,0.2344208108,0.7815628759,-0.7026297605,0.5221376909
eaIwb3rG,-0.1984141006,0.7302953571,0.7137185073,-0.2936183703,1.4649613389
eyzw8Vis,-0.4450337988,0.3322323018,-0.1062971427,-0.5510109693,1.3795062847
f04Ke2bN,-0.3331122316,-0.024748863,-0.8839682245,0.1256647336,0.1749544606
f4GA0te1,-0.3898720328,-0.3549043487,-0.4345088775,-0.628969979,0.0689330561
f7bd91h5,-0.4348374574,-0.209609332,-0.1656393262,-0.7071053134,1.0532236199
fB7z9ndr,-0.3458687978,0.4366629727,0.5127645943,-0.5390225162,1.4332577388
fEe7AWFA,-0.2546507961,-0.0265002917,0.1179837767,-0.2457621561,-0.9941910536
fJJIbgY9,0.3766674262,1.3037150337,1.5751858496,-0.6394833986,-0.3736534286
fQBURMvg,-0.3808452568,0.0522029508,-0.0520970117,-0.4418344505,0.9982410792
fS0HpOub,-0.4577304649,-0.3021896537,-0.1290775651,-0.554048404,0.5256722621
fTDXauuk,0.1890389361,0.7454975818,1.1104206359,-0.5680691799,-0.640255702
favPNA2N,-0.4984006896,0.1954520993,-0.7807974293,0.2676945732,0.8318743922
g3Fv0U4k,-0.460163866,-0.6188447025,-1.1518329886,0.3351541098,-0.6918598205
g5PKo2E2,0.4882910577,0.3920314255,1.0825441641,-0.1985193915,-0.7919602581
gbjnD5fe,-0.4312207968,-0.4613588656,-0.6633314098,-0.6635134382,0.3407771319
ge9zqXCv,-0.4715326043,-0.3065126025,-0.7534564624,0.250960634,-1.1516916077
geeqJpSE,-0.4329866813,-0.2814883814,-0.1306263792,-0.7264579292,0.8576480773
gqy1J2RS,0.2947618388,0.0428701812,0.6105903465,-0.0139277542,-1.0384827761
grlUtS3H,-0.2089991167,-0.2618537015,-0.4145931985,0.5504110891,-0.6294908778
gx965KYj,-0.1857293723,0.2824765342,-0.1539052046,0.008634519,-0.7516497069
h3F08Vjm,-0.4533908157,0.0208231098,0.0880259483,-0.550312389,1.1775426676
h6FQG8Iy,-0.206748183,0.2494165497,0.8054480147,-0.6155729229,1.4364813807
h7ftM8b3,1.691901275,0.1998262483,2.1948846906,-0.5184208739,-0.9470129293
hLrCHXZv,0.0260978199,-0.0088684177,0.3873235464,0.1641332057,-0.8996351633
hQ6VBuFx,-0.328360269,0.235001742,0.639702453,-0.5053371114,1.3715463365
hYoR2y7w,-0.4392281859,-0.3656720423,-0.4709501335,-0.1068893414,-1.3457519746
hf65yZkM,0.2321285219,0.1607662279,0.5178147294,0.961785373,-0.8303510519
hjuwe1x4,-0.2546390334,-0.3499037341,0.1961218217,-0.3760659731,0.1638201709
hyINlsFR,-0.4254105508,0.7600261298,-0.0968150983,-0.0790354925,1.069399139
i0Qlm9Bv,-0.2173371494,-0.091425583,0.3339963576,-0.6030377588,0.8308131632
i1VxfxMb,-0.2886867288,-0.1928289236,0.1811452407,-0.6886159734,1.0124452057
i2l6jXNP,-0.4581158707,-0.0348086461,-0.7397943566,-0.1913133504,0.0104224531
i4FgPZv7,-0.456468428,-0.1565050346,0.2094893314,-0.7311324827,1.3572412622
i7XtIkSi,-0.3315172517,0.2388857616,-0.3257758447,-0.185001995,-0.3645362314
i9z346Ut,-0.2562087632,-0.1282738857,-0.7885293209,0.7246523221,0.1004313799
iDOat4cZ,1.7845037898,0.7115346501,2.2072509855,-0.5659759605,-0.6789335482
iNv6RoSO,-0.2083694784,0.0847424667,-0.4571591695,0.1044845207,0.1258671061
iSL9NYzy,3.9936990942,-0.0677660767,2.1258567231,1.3464560148,-0.9632478625
iSqVc1r8,-0.0199584808,1.0977750536,1.1410536515,-0.6010183266,0.1951130999
iYZMftt6,-0.4836862289,-0.4886190304,-0.3422323504,-0.3688980236,-1.1884991588
ieTPaa3c,-0.4133099564,-0.1231196512,-0.9694354765,-0.2366120678,-0.1443054849
if7BmzU0,-0.4523526343,-0.2419203698,-0.3498501213,-0.7383516329,0.9508976938
ihNz5bmx,-0.3560839974,-0.0401485502,-0.4691341391,0.2082154869,-0.6999413504
ikJXKdIN,-0.5066103719,-0.3080215771,-0.9674998182,-0.8295215785,0.9539722307
iq2kxikN,-0.1754492989,-0.3608846938,-0.3341618741,-0.1696382416,-1.012563272
iuZEDJK7,-0.4460498641,-0.2096977433,-0.3205608281,-0.6823757712,0.761391747
iyF8gVT7,-0.4324942025,0.094637454,0.2142500216,-0.649019711,1.3970728493
j06qdQ0V,-0.407881519,-0.0742374828,-0.1434966813,-0.2261797876,0.0508146436
j7hl8svO,-0.3162968767,-0.5547346934,-0.225410769,-0.2406003398,-0.9369429597
j8hMoJUN,-0.4335657785,-0.3429375572,-0.963942767,-0.7202481465,0.0202339347
jNaFasbV,-0.4815987253,-0.3229786412,-1.1763418411,0.3073160937,-0.9541291994
jVVHeYHT,-0.3599673813,0.0613948402,0.252229846,-0.5686144436,0.5507345188
jXm4ySvK,-0.3855442882,-0.1441594147,-0.1518703267,-0.3361107302,0.6225090561
juO5ii5l,-0.1829541705,0.0658427233,0.5857238816,-0.5969097461,0.1377341277
k2hdEBsU,-0.4738265592,-0.2986065419,-0.5116335762,-0.7024169772,1.2010009851
k3ynMfhN,0.2634740514,-0.0746115928,0.9184377362,-0.4065870072,0.1520406544
k9C9yBtr,0.0104990626,0.0013667898,0.3111418068,0.311350311,-0.8998614801
kAKRvcRo,-0.4261124388,-0.5301003376,-1.122735574,0.2376813991,-1.3757981031
kBi3R2oC,-0.2000443155,0.0267051734,-0.0114770585,-0.3245882961,-0.501475284
kDWmnsXe,-0.2527989315,-0.4177924379,0.2063225609,-0.5481709683,0.1296925483
kSGBd2Vh,-0.4166358288,-0.1714308851,-0.2170976618,-0.7141497643,0.7393760584
kT0miHPT,-0.4177076397,-0.1167429087,-0.1936776438,-0.4929927761,0.2426262215
kaW0TfRn,-0.4487296619,-0.4036413127,-0.5235511814,-0.5848170528,0.0113028491
kmg3SowO,-0.4061276697,-0.1921555811,-1.2525497103,0.3322178387,-0.3370639307
kpxKSlnF,2.0301184876,0.1957203716,1.8759649315,0.2556277266,-0.4103104732
ku2cn1MV,0.5889193065,0.4244744315,1.5486025053,-0.3357994575,-0.2182980124
l1su5HU9,-0.3841110207,0.3127384969,-0.053255784,-0.3771016449,0.2818681139
l8Tg2RvD,-0.3547736469,0.4152754407,0.4978271215,-0.6286839818,0.6949811377
lB6NsVOc,-0.4426952734,-0.5588280713,-0.2527105221,-0.7671506757,1.3435780209
lEcdVyKk,-0.4566732152,-0.0404210532,-0.57246296,-0.4735138328,0.9356787886
lH4TasGl,-0.0424182687,0.2853240605,0.8370714925,-0.6386401915,-0.4186187426
lO9aggHW,-0.1453470072,-0.0807637216,0.1578522806,0.6666202054,-0.1659227891
lW3m9Vzu,-0.4082600019,-0.0084803852,-0.5149221298,-0.1942911161,-0.4159531159
lYLseGDP,0.1940180615,0.1970730021,0.6662485995,-0.47709355,-0.0732034317
lcOnCdZi,-0.1772456499,0.2267841643,0.645286297,-0.6685501463,-0.193531613
le9YGwON,-0.1855651045,0.3655506274,0.4215091508,-0.232004672,-0.1909227572
llMvu3TX,1.5757714326,0.0252330384,2.5085478809,-0.7310637201,-0.2222802607
lnHh2jFO,-0.0275807006,0.5083376066,1.349514507,-0.6826200935,0.275228113
m07CVXd4,-0.3657844339,-0.0725140779,0.7538776633,-0.7998650305,1.6880698134
m1lPk91z,-0.2815054898,-0.3211110063,0.2573867835,-0.6948898332,1.0535069133
m9IQdmwa,-0.4443879208,-0.270491231,-0.1378773814,-0.6277359868,0.6374944726
mG9BRy5x,-0.4581958044,0.0371567711,-0.3417855861,-0.1895372562,0.207117733
mVHXnama,-0.4143443684,-0.3746973469,-0.8494729539,-0.5197973702,-0.595971615
mXyrR6nU,-0.4550350867,0.1732913559,-0.6322953227,-0.5465775213,0.6689590767
mbzNdxNc,-0.2927196346,-0.0195493386,-0.4503582741,0.2746175135,-0.6124521735
mntH7g3L,-0.0761070258,1.1233678504,1.1455366702,-0.6550896706,0.3193113199
msRTXP3H,-0.3062602496,0.1115000492,-0.0667426689,-0.1696950538,0.2733471533
mxBjvIPR,-0.4657662913,-0.1237571443,-0.249764886,-0.5738202152,0.2432535313
n8Opmfbz,1.2585361527,0.5502490932,1.8975024051,-0.5081564633,-0.2403492782
nOkgU29Q,-0.4542117937,-0.3733901021,-1.1288118381,0.0698737088,-0.7731951774
nhttf7VM,0.0392589325,0.2858416318,0.7771013188,-0.1276695624,0.1153489979
njLbXYa3,-0.4314360864,-0.3534186116,-0.3739752914,-0.539641196,-0.5588230782
nwkIpzmh,0.3478527329,0.4261488705,0.9303822322,-0.3433799666,-0.313483911
nzB1R9Zg,-0.0393360383,0.6921992609,1.1196572482,-0.6161290957,0.1741441168
o1rZRI84,-0.5522989257,-0.1605224757,-0.7118068017,-0.6658971341,-0.3785174663
o7q5Mbty,-0.1925151552,-0.1169782167,0.0732757772,-0.135209336,-1.2096431054
oCBvysqB,-0.5203607255,-0.0912248062,-0.8573442557,-0.6061919329,-0.4941272881
oDmycTPH,-0.513248614,-0.3297840089,-0.6045431415,-0.8326516962,1.3793539676
oFAXZvQv,-0.4169760155,0.1884155771,-0.5080076342,-0.2345254494,-0.2130739188
oHE3M1zX,-0.2299880605,0.2179073794,-0.2253443323,1.0791824841,-0.3237280348
oMhVmSpV,-0.4670089807,-0.3503377285,-0.8799821802,-0.4665245828,-0.5128574699
oNsDqVbi,0.1225529266,0.7073438566,1.4078668339,-0.6625433975,-0.0741563814
oYAJqQk8,-0.4426777416,-0.517116045,-0.3557509307,-0.8423137023,0.5835694145
ob5Kb6dW,-0.4803084552,-0.199084627,-0.7517317486,-0.5539125124,1.0879546635
obnzqs79,-0.4983728099,-0.4315769314,-0.952078757,-0.6971868041,0.1885747661
oncLcgRP,-0.3257463088,-0.2235673705,-0.718732826,-0.0340112661,-0.2807576342
ooWVYaAe,-0.4195433187,-0.2803775057,-1.427637592,1.002743675,-1.540054387
osdyOUnV,-0.5498628294,-0.1219226046,-1.3923497548,0.3197981529,0.2957331874
p7H9CzCv,-0.517075794,-0.4047618697,-1.5824149247,0.1987194812,-0.429011218
p7U9hVhY,-0.4065862938,0.0013483254,-0.3672574992,-0.4553180511,0.5105428811
pE6Cf1RV,-0.298548174,0.0794946229,0.4389092696,-0.5716264273,0.9464315
pI7qzotI,-0.2954875913,0.2748707092,-0.0010166133,0.1959368373,-0.5647529143
pJrIA4sk,-0.4205102673,-0.288703997,-0.4069873723,-0.6539463667,-0.246103887
pXne2CLZ,-0.4772350673,-0.7410230523,-0.6605207221,0.9120294756,-1.3458497934
pZMcDIOS,-0.468774471,-0.3362404312,-0.2642855694,-0.7142552115,0.6708539032
pavfp3cc,0.1523327065,-0.0374012971,0.5312172196,-0.0116081588,-0.7031732922
pbQdC5L3,-0.4915106354,-0.5164196695,-0.5774101476,-0.6882723039,0.640969994
pgj7aAFP,-0.3463759224,-0.1860358985,-0.2998245242,-0.2009587499,0.1663255059
pxg8G3ed,-0.4683529937,0.2693976857,-0.0201564832,-0.4796416196,1.2532000778
q36Npk6l,-0.5507678164,-0.3581839576,-0.5940945393,-0.7563814605,0.955315644
q4aDOVvq,0.4850944326,0.1501760294,0.8362694864,0.2725307196,-1.1272895853
qGmfR9CN,-0.4210201052,-0.1943514185,-0.6763705254,0.327332841,-0.5478525724
qJ51ODpA,-0.4013098319,-0.1786442658,-1.1613846157,0.5237940083,-0.1977693739
qQX3cs3I,-0.1560864524,-0.2247508135,0.6218163357,-0.586306671,0.1555416319
qXeIxPb8,-0.4129951077,-0.0105236239,-0.2479996033,-0.49152,0.9116678491
qYQ4MShM,0.0405931631,-0.1702427986,0.1748492227,0.4025277178,-1.1525807255
qa0etnhK,-0.0900920013,-0.2322161246,0.1763104538,-0.1061094749,-0.9588374214
qbL4sboq,-0.4715910653,-0.2660811708,-0.2753246372,-0.5563243622,0.5946105869
qbYrsWHq,0.3911271155,1.0667608217,1.5022586982,-0.292258608,-0.0144826929
r1zmcUqQ,0.3881922162,0.0420609704,0.7842833135,-0.5523535423,-0.6272645803
r54iHeQC,-0.3770545685,-0.0120738311,-0.1826532294,-0.6370272747,0.8047339747
r6xrAnQV,2.2400135333,0.9731391506,2.5079244222,-0.275834781,0.1918053362
r9HxnQDg,-0.1363248275,-0.1928994077,0.3952775982,-0.297535966,0.6155745801
rG8Puuf9,0.7286715588,0.4924415478,1.1835790599,0.2447750997,-0.9247963314
rGuiefuR,-0.3534505783,-0.2075300307,-0.8121709677,0.0339925649,-1.12516861
rJ19OhGP,-0.4717352254,0.0653854451,-0.3836200933,-0.5445880122,1.217783587
rOCYepHd,0.1626514796,-0.0159512642,0.834455669,-0.5219618341,-0.1740357029
rQJaOPFI,-0.1531725742,-0.2650169157,0.3520604487,-0.4097645362,0.1300298245
rQhZtZeh,-0.2295834227,0.143079346,0.7039478831,-0.6021028967,1.1914633067
rapmok0w,-0.5180815354,-0.257835129,-1.5758522415,-0.058841994,-0.1054545601
rgzfnPVu,-0.2411002893,-0.0091242572,0.5199515908,-0.6639467564,0.249382707
ri4qhb1S,-0.4327855208,-0.2880646022,-0.6139088307,-0.6460013587,0.0730352626
rqpFYzff,-0.5113010204,-0.0271570775,-0.288102372,-0.6196413732,0.335925801
rrs22coX,-0.3917917675,0.0579522685,0.2563824236,-0.3970596044,1.2711269381
sEeUCQLc,-0.5048680319,-0.0264488621,-0.79903428,-0.3650616131,0.6750613933
sHScwqQl,-0.428063992,0.0049405406,0.3705562758,-0.7762510193,1.7793964464
sNC7DiAt,-0.5186061539,-0.4670875127,-0.3451813578,-0.7190981642,1.3359783632
sNK2TSs3,-0.3745783905,0.1153806451,0.5064798227,-0.4391089556,1.2994552436
sO7Su6uw,-0.5902899907,-0.4386704218,-1.897128659,-0.2554632846,0.2688860327
sOWZx89o,-0.5463297753,-0.3165712035,-1.0119796603,-0.7012400589,0.8758735443
sPbRcPjC,-0.0437814455,-0.0004267744,0.4498447207,0.3312089439,-1.0578080129
scVUfTKI,0.0515730563,0.7122170272,0.1575333607,1.5931763285,-1.340882125
seRaGeVv,-0.3860687928,0.2031084737,-0.1369668293,-0.4673683879,0.4968250394
sgtwiYWi,-0.4235062323,-0.4087870187,-1.3140193916,-0.1983401932,-0.6157684902
sjmLHcT6,-0.4717566688,-0.276231558,-0.8362107098,-0.6996372049,0.4992103949
skZUZZGS,-0.4549849436,-0.4049956923,-0.0482748098,-0.4568143986,0.5608615516
suAmzADX,-0.5084622913,-0.7744304659,-1.2049195991,1.4090538102,-0.7887273476
t4GWLqlO,0.5784296626,-0.2385664324,1.0042299376,-0.3033495508,-0.5505775519
t7gy6Jyy,0.1534510712,-0.1088016139,0.9691140291,-0.7502396681,0.265340482
tBadzH60,1.691815075,-0.0623544121,2.3499602095,-0.5801198225,-0.4848515526
tXUWm0hp,-0.1896548874,-0.1334879485,-0.5049057234,0.6979158805,-0.5703907819
te6UPPxf,-0.4636234485,0.0023783498,-0.7323189303,-0.2979384011,-0.6468286454
ti2lamkL,0.2233554843,0.2347060191,0.7806045804,-0.3002936432,-0.2380481092
tr0lpwuU,-0.4940917339,-0.7224713576,-0.9389927216,2.0510113493,-1.1952956137
ttdB5C73,-0.2842306044,0.0567585391,-0.0263840638,-0.3535566097,0.2467460794
twS8YZu9,-0.5061060953,-0.369651877,-0.6127278044,-0.6791076927,0.2367275959
tx68W34H,-0.4458836347,-0.1973998557,-1.0443476232,0.9688150136,-0.8496954757
tyQSX4mY,-0.2233571124,-0.336928739,0.3827520942,-0.6804894174,0.0495604401
tylKCRc0,-0.3860535881,-0.0313366214,0.0023632748,-0.4761579558,0.3305311101
u1544WUo,-0.4485226266,-0.2634496654,-0.8288697764,-0.605579403,-0.0313288508
uAw9an0d,0.1796457513,0.5281039496,0.6087582907,-0.4206894472,-0.6306827571
uLZAEXMG,1.9099570212,0.2535069406,2.3254723682,-0.4266780845,-0.7630355313
uMwe1s7I,-0.5060537929,-0.7496559151,-0.6335602414,0.5511204835,-1.2071106254
ufhGeV3q,-0.5130950436,-0.2733053621,-0.4991817788,-0.6669375017,0.5497235181
uhAeGBHo,-0.5588677479,-0.4716694421,-1.8464072559,-0.0896338884,-0.5102899786
ujHNlqpw,0.7441065995,0.6591524222,1.6531630023,-0.4880573312,-0.532618899
ulV6kuhB,-0.3354920446,0.2032904073,0.0776825192,-0.5310952192,0.722934104
uohEnNEK,-0.4004735333,-0.4079520948,-1.1767627489,0.7802894567,-1.2508885975
v1lhA8I4,-0.3828987127,-0.1549127807,0.5921466501,-0.799534717,1.7673045568
v3JzigLI,-0.5548114923,-0.494836659,-0.5789495374,-0.8006074144,0.7854777741
v5IwjyIg,-0.4836122227,-0.1404246444,-0.6295947617,-0.4252208782,-0.7056344457
v6lp5TK1,-0.2831969074,-0.3648193416,0.2643851604,-0.7158050702,1.0911814803
v8vOaaWq,-0.421352437,-0.1817330467,-1.1869405879,0.2148716292,0.0334400992
vAYKtoil,-0.5360880031,-0.0462820832,-0.8048664763,-0.4118400617,-0.8301625443
vGTNQa6G,2.6718460942,-0.0049156931,2.043050724,0.4739862469,-0.5775693255
vQzNxHoL,-0.475266699,-0.086831977,-0.8279210923,-0.5602705021,-0.8902719849
vfZGBUJm,-0.3159305944,0.1926986369,0.0971594681,-0.1520959199,-0.4082396113
vlooVUoT,-0.3952019716,-0.272462937,-0.9468054027,0.6444315045,-0.72479174
vrACvd4O,-0.4117511743,-0.2075570228,-0.2446651334,-0.4144228824,-0.7078592947
w8hdjLwb,-0.2921946652,0.2508711185,0.1597921141,-0.5306805289,0.5280492006
wAntv4gH,0.0278867673,0.8583152487,1.4063998083,-0.5577237653,0.4511067237
wIUL09q0,-0.5246744793,-0.3898740417,-1.0426138244,-0.7296444261,0.4125616783
wOzx7Fgz,-0.4871424829,-0.3939225387,-0.3348739871,-0.605217471,-0.1955296409
wPhjhCJQ,-0.4555163803,0.08174082,-0.4825685339,-0.5911682321,1.2372260908
wQSWWmYB,-0.4224372627,-0.0489346985,-0.513827251,-0.5229973391,0.2325544869
wdIMrXwy,1.3379736311,0.1689133921,2.3399450934,-0.6725261298,-0.236871358
wiL9npQc,-0.4967621471,-0.2660113535,-0.7074739958,-0.6913359338,0.7717952146
wnU95Cxn,1.8490287862,0.1109303321,2.3576170467,-0.6757510289,-0.8112429535
wpJbbjJs,0.0610328714,0.3104649509,0.7453443945,-0.2805671713,-0.0069379908
wsOWTAbI,0.5254299385,2.1449786222,1.0587659317,0.9141837348,-0.8323100715
wtdBcU3U,-0.4276936551,-0.1324656964,-0.2089207869,-0.6648332738,0.2666162723
wuKXVxOc,-0.5860669771,-0.2451204061,-1.2703248027,-0.4167500099,1.0679132539
wyzadAt8,-0.5084922835,-0.3862835926,-0.84980891,-0.7360690927,1.1461939056
wzaKzYwi,-0.2212236261,-0.3237461182,0.7662158147,-0.7408045945,0.8333876607
x6GCk4EV,-0.3800578868,-0.1247944893,-0.0818906152,-0.5476169874,0.7585972457
x6lUi3vf,-0.0307647437,-0.0209684935,0.1611897601,0.3831184574,-1.1880082846
x8mwDHv9,-0.3987314354,-0.1882913422,-0.1824340775,-0.3437031681,0.0230589267
xIYm6puH,0.3735763293,0.6330618278,0.4080055216,0.2391649259,-0.9070174585
xO6UdpsK,0.3053421434,0.3612110088,0.5013315986,-0.3233458924,-1.0733145319
xQ2bkOvj,-0.4815664264,-0.8321192201,-0.6796454036,0.1610626284,-1.4067880512
xeXyDCEQ,3.1991420146,0.2404278606,1.8932586152,0.600841402,-1.2392519804
xrggHziO,-0.2083008877,-0.3505354584,0.0730164569,-0.433071926,-0.1205140732
y1WMCmqQ,-0.4450490845,-0.3763895955,-0.7093061248,-0.5822921133,-0.0952949771
yDngezhM,-0.3675450146,-0.3824568045,-0.7379533936,-0.6995698046,-0.1712637077
yLiFjMD0,-0.4445519255,0.0120084027,0.2604461751,-0.6791466856,0.8855764621
ySwEBO7w,-0.4282697976,-0.1696946097,-0.6101162613,-0.1430487111,-0.6914338044
ydC9UsSm,-0.4270136185,-0.1916867344,-1.3736844994,0.7378096015,-0.054696516
ydEG4VBd,-0.4173732959,-0.0414662554,-0.6486902492,-0.3842683245,0.1395165844
yf76yWXc,-0.139867659,0.9242241216,0.8729137181,-0.6526252767,0.0936541614
yg70e63n,-0.3479823802,0.0626106574,-0.3928998367,-0.2480839213,-0.3021075355
ywxtlSKv,-0.4959431424,-0.2477324742,-0.7349690517,-0.564689603,-0.4613888534
yzKPQPOR,-0.560881464,-0.770660579,-0.5377177962,-0.1009598414,-1.1609698027
z5cnOnZ1,-0.4351192714,-0.4100072149,-0.5354187833,-0.5280435397,-0.8287239635
zFLkOE0e,0.1869709837,-0.0845151473,0.6317029323,0.6358173831,-1.0331692161
zGi72mxL,-0.4804376338,-0.5261026237,-0.5132141685,-0.1728235127,-1.2613669981
zN925UV3,-0.468694496,-0.2645294573,-0.8659093681,0.370965137,-0.7460386153
zTy2ih7e,-0.5843905207,-0.3350716392,-1.1511434915,-0.5202154766,1.0670094127
zVFzAutw,-0.3498507152,0.2906968889,0.1737887979,-0.3974374206,0.4822844951
zYxNAkht,-0.5385472229,-0.2446361751,-0.9043707711,-0.746103701,0.6944215417
zaWDBai3,-0.4678028148,0.4920714212,-0.0474666945,-0.308328181,1.3752284627
zg3u0Zsx,-0.2512482597,0.3675664517,-0.0303735907,-0.1720692867,-0.206781544
zlwLfdsS,-0.4938388158,-0.5617499217,-0.7896064567,1.2021506005,-0.9265401082
zmbKzVfl,-0.5491960608,-0.4307456932,-1.6107497468,0.0016174039,0.3496045669
